{
  "formatVersion": 1,
  "database": {
    "version": 4,
    "identityHash": "24b268173abc76f96369333b55a84489",
    "entities": [
      {
        "tableName": "word",
        "createSql": "CREATE TABLE IF NOT EXISTS `${TABLE_NAME}` (`definitions` TEXT, `word` TEXT NOT NULL, `pronunciation` TEXT, `rating` TEXT, `notes` TEXT, `type` TEXT, `definition` TEXT, `example` TEXT, `image_url` TEXT, `emoji` TEXT, PRIMARY KEY(`word`))",
        "fields": [
          {
            "fieldPath": "definitions",
            "columnName": "definitions",
            "affinity": "TEXT",
            "notNull": false
          },
          {
            "fieldPath": "word",
            "columnName": "word",
            "affinity": "TEXT",
            "notNull": true
          },
          {
            "fieldPath": "pronunciation",
            "columnName": "pronunciation",
            "affinity": "TEXT",
            "notNull": false
          },
          {
            "fieldPath": "rating",
            "columnName": "rating",
            "affinity": "TEXT",
            "notNull": false
          },
          {
            "fieldPath": "notes",
            "columnName": "notes",
            "affinity": "TEXT",
            "notNull": false
          },
          {
            "fieldPath": "firstDefinition.type",
            "columnName": "type",
            "affinity": "TEXT",
            "notNull": false
          },
          {
            "fieldPath": "firstDefinition.definition",
            "columnName": "definition",
            "affinity": "TEXT",
            "notNull": false
          },
          {
            "fieldPath": "firstDefinition.example",
            "columnName": "example",
            "affinity": "TEXT",
            "notNull": false
          },
          {
            "fieldPath": "firstDefinition.imageUrl",
            "columnName": "image_url",
            "affinity": "TEXT",
            "notNull": false
          },
          {
            "fieldPath": "firstDefinition.emoji",
            "columnName": "emoji",
            "affinity": "TEXT",
            "notNull": false
          }
        ],
        "primaryKey": {
          "columnNames": [
            "word"
          ],
          "autoGenerate": false
        },
        "indices": [],
        "foreignKeys": []
      }
    ],
    "views": [],
    "setupQueries": [
      "CREATE TABLE IF NOT EXISTS room_master_table (id INTEGER PRIMARY KEY,identity_hash TEXT)",
      "INSERT OR REPLACE INTO room_master_table (id,identity_hash) VALUES(42, '24b268173abc76f96369333b55a84489')"
    ]
  }
}