{
  "formatVersion": 1,
  "database": {
    "version": 6,
    "identityHash": "675b2e0e0894c2f051fa56fb8f332c5f",
    "entities": [
      {
        "tableName": "word",
        "createSql": "CREATE TABLE IF NOT EXISTS `${TABLE_NAME}` (`definitions` TEXT, `word` TEXT NOT NULL, `pronunciation` TEXT, `rating` TEXT, `notes` TEXT, PRIMARY KEY(`word`))",
        "fields": [
          {
            "fieldPath": "definitions",
            "columnName": "definitions",
            "affinity": "TEXT",
            "notNull": false
          },
          {
            "fieldPath": "word",
            "columnName": "word",
            "affinity": "TEXT",
            "notNull": true
          },
          {
            "fieldPath": "pronunciation",
            "columnName": "pronunciation",
            "affinity": "TEXT",
            "notNull": false
          },
          {
            "fieldPath": "rating",
            "columnName": "rating",
            "affinity": "TEXT",
            "notNull": false
          },
          {
            "fieldPath": "notes",
            "columnName": "notes",
            "affinity": "TEXT",
            "notNull": false
          }
        ],
        "primaryKey": {
          "columnNames": [
            "word"
          ],
          "autoGenerate": false
        },
        "indices": [],
        "foreignKeys": []
      }
    ],
    "views": [],
    "setupQueries": [
      "CREATE TABLE IF NOT EXISTS room_master_table (id INTEGER PRIMARY KEY,identity_hash TEXT)",
      "INSERT OR REPLACE INTO room_master_table (id,identity_hash) VALUES(42, '675b2e0e0894c2f051fa56fb8f332c5f')"
    ]
  }
}