{
  "formatVersion": 1,
  "database": {
    "version": 1,
    "identityHash": "339ff6bb5f647ea32dfb4df2f1cbb38d",
    "entities": [
      {
        "tableName": "word",
        "createSql": "CREATE TABLE IF NOT EXISTS `${TABLE_NAME}` (`definitions` TEXT, `word` TEXT NOT NULL, `pronunciation` TEXT, PRIMARY KEY(`word`))",
        "fields": [
          {
            "fieldPath": "definitions",
            "columnName": "definitions",
            "affinity": "TEXT",
            "notNull": false
          },
          {
            "fieldPath": "word",
            "columnName": "word",
            "affinity": "TEXT",
            "notNull": true
          },
          {
            "fieldPath": "pronunciation",
            "columnName": "pronunciation",
            "affinity": "TEXT",
            "notNull": false
          }
        ],
        "primaryKey": {
          "columnNames": [
            "word"
          ],
          "autoGenerate": false
        },
        "indices": [],
        "foreignKeys": []
      }
    ],
    "views": [],
    "setupQueries": [
      "CREATE TABLE IF NOT EXISTS room_master_table (id INTEGER PRIMARY KEY,identity_hash TEXT)",
      "INSERT OR REPLACE INTO room_master_table (id,identity_hash) VALUES(42, '339ff6bb5f647ea32dfb4df2f1cbb38d')"
    ]
  }
}